{"net.0.weight":[[0.34042465686798096,0.5250528454780579,4.416768550872803,1.8294103145599365],[-0.5428017377853394,-0.5510440468788147,-1.8514949083328247,-0.78706294298172],[0.003813465591520071,-0.47470343112945557,0.24576276540756226,-0.19682826101779938],[0.6353417634963989,0.7275218367576599,-0.030290041118860245,0.6991793513298035],[0.26629701256752014,-0.2018192857503891,-0.8527219295501709,-0.01042643841356039],[-0.05518774315714836,0.0869617909193039,-0.3426007032394409,0.12432128190994263],[0.5000607967376709,-0.1959962099790573,-0.131576269865036,-0.06300697475671768],[0.17343370616436005,-0.3075890839099884,0.5883562564849854,-0.3677191436290741],[0.3819253742694855,0.00018701728549785912,0.9237488508224487,0.11041442304849625],[0.3270341157913208,0.05278441682457924,-0.8192477822303772,0.009694677777588367],[0.26103392243385315,0.3527454435825348,1.6400865316390991,0.5917989611625671],[-0.0347340926527977,-0.44778868556022644,-0.18000435829162598,-0.44750937819480896],[0.2086719423532486,-0.26326531171798706,-0.40535634756088257,-0.2585219740867615],[0.13765375316143036,0.4399365186691284,4.489099025726318,1.3375043869018555],[0.18591664731502533,0.8570430278778076,-2.3821516036987305,0.3948954641819],[0.2816217243671417,-0.7523435354232788,2.4649240970611572,-0.10890089720487595],[-0.5291454792022705,-0.1852954924106598,3.104247808456421,0.20383083820343018],[0.09967906773090363,-0.06776895374059677,2.2022504806518555,-0.11604434996843338],[0.36628761887550354,-0.26150065660476685,-1.624921441078186,-0.21667295694351196],[-1.590268611907959,-1.1824820041656494,-3.4873251914978027,-1.1654889583587646],[-1.9452738761901855,-1.7696573734283447,-1.5351251363754272,-1.079944133758545],[0.6121294498443604,0.5186553001403809,-0.43487685918807983,-0.13610650599002838],[-1.3800382614135742,-1.2292935848236084,-0.31023576855659485,-0.849384069442749],[0.3611202836036682,0.23276658356189728,-2.2658514976501465,-0.5160002708435059]],"net.0.bias":[-1.128978967666626,1.431294322013855,-1.2296159267425537,-1.3885518312454224,-0.8072024583816528,-0.22079654037952423,1.005109429359436,-0.5432484745979309,-1.1380817890167236,-0.9299048185348511,-0.4111948311328888,-0.6582682728767395,-0.5419178009033203,0.26059451699256897,-0.17182539403438568,-0.13573132455348969,0.012018452398478985,0.830150842666626,-1.0979695320129395,-1.239046335220337,-3.0062005519866943,-1.1562843322753906,-0.28798192739486694,-0.12279246002435684],"net.2.weight":[[-0.554046630859375,-0.3007284700870514,-0.043372418731451035,-0.13832059502601624,-0.1401098370552063,-0.26614123582839966,0.0659359022974968,-0.16111129522323608,-0.28524160385131836,-0.18691471219062805,0.12165986746549606,-0.11809664219617844,-0.17285171151161194,0.14057229459285736,-0.07902263104915619,-0.6793496608734131,-0.8300788998603821,-0.37163636088371277,0.082547627389431,-0.19396232068538666,-0.21425455808639526,-0.48237940669059753,0.21309736371040344,-0.2528476119041443],[-0.0942024514079094,-0.053185202181339264,-0.47394368052482605,0.28506767749786377,-0.08567345887422562,-0.061566468328237534,1.1077144145965576,-0.05402272194623947,0.004125341307371855,4.699454307556152,1.247025489807129,-1.0451627969741821,0.09159566462039948,0.9735533595085144,-0.566756546497345,-0.23708604276180267,0.23215772211551666,1.8864473104476929,1.332289695739746,-3.388421058654785,-6.20380163192749,1.3275904655456543,-5.49318790435791,0.4747352600097656],[0.20628875494003296,-1.7776894569396973,-0.5167416930198669,-1.2984766960144043,-0.4102064073085785,-0.018500899896025658,-4.515820503234863,-0.06352043151855469,0.17311783134937286,-3.5304155349731445,2.999424934387207,-1.4636218547821045,0.10454919934272766,-0.5256974101066589,0.8434421420097351,2.3509023189544678,-2.150026321411133,-0.028741035610437393,-0.46967101097106934,0.34264808893203735,0.9932093024253845,-1.338942289352417,1.4819583892822266,-3.959609270095825],[-0.4546171724796295,-0.249337300658226,-1.6246881484985352,-2.3169620037078857,-0.5191057324409485,0.08345887064933777,-0.4917144775390625,0.08331359177827835,-1.8383973836898804,2.9707000255584717,-6.7894816398620605,0.8495492935180664,0.022642789408564568,2.092233896255493,-0.727679967880249,-0.4293234050273895,-1.6444963216781616,2.1334781646728516,-0.5233476758003235,0.6947197914123535,1.0824812650680542,-1.3161823749542236,-1.8354148864746094,2.0205328464508057],[-0.07990038394927979,-0.1432679444551468,0.047001294791698456,-0.0763506144285202,-0.1321205198764801,0.09318410605192184,-0.15005677938461304,-0.04092010483145714,-0.26824304461479187,0.10046518594026566,0.027878429740667343,0.0007046263781376183,-0.14233051240444183,-0.1891726404428482,-0.30934998393058777,0.04636143520474434,0.07987463474273682,0.05298386141657829,0.10159676522016525,-0.031709928065538406,-0.07789509743452072,-0.18395675718784332,-0.15472297370433807,-0.20807597041130066],[1.1066287755966187,0.22839130461215973,-0.1142592653632164,1.5878039598464966,-0.5460322499275208,0.011261453852057457,-0.8670370578765869,0.07727394253015518,-0.2349110096693039,-8.635276794433594,6.226948261260986,0.9664105176925659,0.018702760338783264,-2.6161153316497803,1.5107018947601318,0.4647979736328125,0.30304673314094543,0.8131568431854248,0.37625372409820557,1.1813637018203735,0.7570048570632935,1.0003756284713745,2.0069527626037598,-5.9757161140441895],[-0.008610003627836704,0.41842201352119446,-1.995214581489563,0.2766655385494232,-0.8940137028694153,-0.0801251158118248,-1.9091033935546875,-0.17784945666790009,-1.5900810956954956,4.545297145843506,-6.794560432434082,1.053898811340332,-0.16491782665252686,0.02779500000178814,-0.6941787004470825,0.05402679741382599,-1.1811585426330566,1.545733094215393,-1.477155089378357,0.4331928491592407,0.9150078892707825,0.9458264708518982,-1.7090717554092407,1.108336329460144],[0.08949165791273117,-0.0883878841996193,-0.023246079683303833,-0.11473042517900467,-0.18433693051338196,-0.1986422836780548,0.0032013787422329187,-0.11207358539104462,-0.13343177735805511,-0.0698309987783432,-0.07166612893342972,-0.09926430881023407,0.0065587530843913555,-0.11883372813463211,-0.10383976995944977,-0.07416419684886932,-0.22926370799541473,0.04862033203244209,-0.0964500680565834,0.02115199714899063,-0.10348084568977356,-0.024628276005387306,0.14309073984622955,0.049537643790245056],[-0.2535729706287384,-0.006100025027990341,0.105423703789711,0.05370166525244713,0.08900988847017288,0.18123985826969147,-0.03128114715218544,0.0423668771982193,-0.20364350080490112,-0.04206531494855881,0.09543392807245255,0.07121223211288452,-0.12916752696037292,-0.22429496049880981,-0.17621351778507233,-0.2237766832113266,-0.22014865279197693,-0.07658340781927109,0.08451215922832489,-0.05442437529563904,-0.17476211488246918,-0.16375327110290527,0.03717215731739998,-0.15183597803115845],[0.5969947576522827,0.2464374452829361,1.0280650854110718,1.2242801189422607,0.6505220532417297,-0.07898980379104614,-0.1693609207868576,-0.18196409940719604,-1.3955638408660889,3.0735199451446533,-1.6513094902038574,-3.820734977722168,-0.07477667927742004,0.5838057398796082,0.35673585534095764,-0.4991462826728821,1.2874350547790527,-0.23157186806201935,1.5189322233200073,-1.1971148252487183,-0.6752682328224182,-0.37906989455223083,1.6992956399917603,-0.21773304045200348],[-0.2393621802330017,-0.6814396977424622,-0.5479243993759155,-0.22276848554611206,-0.47056829929351807,0.1094922199845314,-1.2730807065963745,-0.14561839401721954,1.7385025024414062,-6.516895771026611,0.827799379825592,-0.12735983729362488,-0.060698721557855606,1.923825740814209,0.2935326099395752,1.1566314697265625,0.7446097135543823,2.3800742626190186,0.9830434918403625,0.9175775647163391,0.566951334476471,0.8141791224479675,1.8793410062789917,0.17508666217327118],[-0.4898245334625244,0.2903253436088562,1.1733282804489136,-0.49104100465774536,0.6103737354278564,0.06699039041996002,-0.1204126700758934,-0.03059387393295765,-1.7976651191711426,4.1024394035339355,-5.0368523597717285,